Código Nacional;PRODUCTO;FORMATO;MARCA LOCAL;PVL (€);IVA;PVPR * (€)
216342.3;COREGA SUPREME 40G;40 GR;COREGA;11.18;0.1;12.49
216343;COREGA SUPREME 70G;70 GR;COREGA;15.48;0.1;17.29
372037;COREGA ULTRA POLVO 50 GR.;50 GR;COREGA;8.43;0.1;10
184866;COREGA MAXIMA FIJACIÓN Y SELLADO 40GR  ;40 GR;COREGA;10.86;0.1;11.69
184867;COREGA MAXIMA FIJACIÓN Y SELLADO 70GR ;70 GR;COREGA;14.99;0.1;15.99
152677;COREGA ACCION TOTAL 70GR;70 GR;COREGA;13.85;0.1;15.2
254847;COREGA EXTRA FUERTE 40GR;40 GR;COREGA;9.82;0.1;10.8
311161;COREGA SIN SABOR 40GR  ;40 GR;COREGA;9.82;0.1;10.8
206012.8;COREGA MAXIMA FIJACIÓN Y CONFORT 40GR  ;40 GR;COREGA;10.86;0.1;11.69
204868;COREGA MÁXIMA FIJACIÓN Y SELLADO SABOR MENTA 40GR;40 GR;COREGA;10.87;0.1;11.69
300293;COREGA EXTRA FUERTE 70GR;70 GR;COREGA;13.66;0.1;14.99
151329;COREGA SIN SABOR 70GR;70 GR;COREGA;13.66;0.1;14.99
206013.5;COREGA MAXIMA FIJACIÓN Y CONFORT 70GR  ;70 GR;COREGA;14.99;0.1;15.99
226254.6;COREGA DUPLO SUPREME 40G;2x40G;COREGA;17.88;0.1;19.98
223492.5;DUPLO COREGA MÁXIMA FIJACIÓN Y SELLADO 40G;2X40G;COREGA;16.88;0.1;18.17
349787;COREGA OXIGENO BIO-ACTIVO 3MIN 30 TABS (BLISTER);30 TABS;COREGA;6.75;0.21;8.39
181092;COREGA ACCION TOTAL LIMPIADOR 36 TABS (BLISTER);36 TABS;COREGA;8.63;0.21;10.73
202309;COREGA BLANQUEADOR 30 TABS (BLISTER);30 TABS;COREGA;7.76;0.21;9.57
200692.8;COREGA ORTODONCIAS 36 TABLETAS;36TABS;COREGA;7.81;0.21;9.65
200693.5;COREGA ORTODONCIAS 66 TABLETAS;66 TABS;COREGA;12.87;0.21;15.95
185428;COREGA OXIGENO BIO-ACTIVO 108 TBS ;108 TABS;COREGA;15.36;0.21;18.99
349779;COREGA OXIGENO BIO-ACTIVO 3MIN 66 TABS (BLISTER);66 TABS;COREGA;12.86;0.21;15.95
217110.7;PARODONTAX COLUTORIO REFUERZA Y PROTEGE LAS ENCÍAS;500ML;PARODONTAX;8.19;0.21;10.7
207636.5;PARODONTAX COLUTORIO COMPLETE PROTECTION;500ML;PARODONTAX;8.19;0.21;10.7
193562.5;PARODONTAX COLUTORIO DIARIO HERBAL 500ML;500 ML;PARODONTAX;8.19;0.21;10.7
155165.8;PARODONTAX EXTRA COLUTORIO 300ML;300 ML;PARODONTAX;6.06;0.21;8.29
186257;PARODONTAX CEPILLO COMPLETE PROTECTION;1 UD;PARODONTAX;3.15;0.21;3.89
189653.7;PARODONTAX CEPILLO ENCIAS & DIENTES ;1 UD;PARODONTAX;3.15;0.21;3.89
189652;PARODONTAX CEPILLO INTERDENTAL;1 UD;PARODONTAX;3.15;0.21;3.89
217012.4;PARODONTAX REFUERZA Y PROTEGE LAS ENCÍAS EXTRA FRESH;75ML;PARODONTAX;5.9;0.21;7.45
222941.9;PARODONTAX REFUERZA Y PROTEGE LAS ENCÍAS BLANQUEANTE;75ML;PARODONTAX;5.9;0.21;7.45
205919.1;DUPLO PARODONTAX COMPLETE EXTRA FRESH FORMATO AHORRO;2x75ML;PARODONTAX;9.49;0.21;11.92
195468.8;PARODONTAX HERBAL ORIGINAL 2x75ML;2 X 75ML;PARODONTAX;7.66;0.21;10.22
195465.7;PARODONTAX HERBAL EXTRA FRESH 2x75ML;2 X 75ML;PARODONTAX;7.66;0.21;10.22
195638.5;PARODONTAX HERBAL EXTRA FRESH 75ML ;75 ML;PARODONTAX;4.96;0.21;6.39
195467.1;PARODONTAX HERBAL ORIGINAL 75ML ;75 ML;PARODONTAX;4.96;0.21;6.39
186465.9;PARODONTAX COMPLETE PROTECTION EXTRA FRESH;75 ML;PARODONTAX;5.9;0.21;7.45
206745.5;PARODONTAX HERBAL ORIGINAL TRIPLO;3x75ML;;9.86;0.21;12.8
209841.1;PARODONTAX SIN FLUOR 75ML.;75 ML;PARODONTAX;4.96;0.21;6.39
222900.6;PARODONTAX DUPLO REFUERZA Y PROTEGE 2x75ml;2 X 75ML;PARODONTAX;9.49;0.21;11.92
222899.3;PARODONTAX DUPLO SIN FLÚOR 2x75ml;2 X 75ML;PARODONTAX;7.66;0.21;10.22
171519;SENSODYNE MOUTHWASH COOL MINT 500ML;500  ML;SENSODYNE;4.44;0.21;5.95
219595;DUPLO SENSODYNE EXPERT PROTECT REPARACIÓN PROFUNDA;2 UDS;SENSODYNE;8.02;0.21;10.59
217779.6;SENSODYNE EXPERT PROTECT REPARACIÓN PROFUNDA;75ml;SENSODYNE;5.19;0.21;6.85
217777.2;SENSODYNE  EXPERT PROTECT ALIVIO INMEDIATO;75ml;SENSODYNE;5.19;0.21;6.85
217781.9;SENSODYNE EXPERT PROTECT REFUERZO INTENSIVO ESMALTE;75ml;SENSODYNE;5.19;0.21;6.85
217780.2;SENSODYNE EXPERT PROTECT DOBLE ACCIÓN;75ml;SENSODYNE;5.19;0.21;6.85
701285.6;VOLTADOL FORTE GEL 2% 50GR;50 GR;VOLTADOL;7.94;0.04;12.39
726161.2;VOLTADOL FORTE GEL 2% 100GR;100 GR;VOLTADOL;11.85;0.04;18.5
768260.8;VOLTADOL FORTE GEL 2% 150GR;150 GR;VOLTADOL;14.7;0.04;22.95
697492;VOLTADOL GEL 1% 60GR;60 GR;VOLTADOL;7.04;0.04;10.99
698419;VOLTADOL GEL 1% 100GR;100 GR;VOLTADOL;8.32;0.04;12.99
758548;VOLTADOL PARCHES MEDICADOS 140MG X5;5 PARCHES;VOLTADOL;11.82;0.04;18.45
764108.7;VOLTADOL PARCHES MEDICADOS 140MG X10;10 PARCHES;VOLTADOL;18.22;0.04;28.44
N/A;SRP VOLTADOL FORTE 150;150GR x 12 UDS;;176.39999999999998;0.04;275.4
N/A;SRP VOLTADOL 28 UDS WHS ;"50GR x 14UDS; 100GR x 14UDS";VOLTADOL;277.06;0.04;432.46
764986.1;VOLTADUO 500/200 MG 1X10 TABLETS;10 comprimidos;VOLTADOL;3.96;0.04;6.18
764987.8;VOLTADUO 500/200 MG 2X10 TABLETS;20 comprimidos;VOLTADOL;5.67;0.04;8.85
706809;FLONASE SPRAY NASAL 60 PULSACIONES;60 PULSAC.;FLONASE;10.44;0.04;16.3
152643;RHINOMER BABY CONFORT ASPIRADOR MUCOSIDAD;1 UD;NARHINEL;9.86;0.21;15.49
152644;RHINOMER BABY CONFORT RECAMBIOS 10 UDS;10  UDS;NARHINEL;5.37;0.21;7.3
160686;RHINOMER BABY CONF.RECAMBIOS FORMATO AHORRO 20 UDS;20 UDS;NARHINEL;7.88;0.21;10.7
216905;RHINOMER PLUS+ F1 BEBÉS Y ADULTOS - 125 ML;125 ML;RHINOMER;10.15;0.21;12.35
216906.7;RHINOMER PLUS+ F2 ADULTOS - 125 ML;125 ML;RHINOMER;10.15;0.21;12.35
216907.4;RHINOMER PLUS+ F3 USUARIOS FRECUENTES - 125 ML;125 ML;RHINOMER;10.37;0.21;12.55
221012.7;RHINOMER PLUS+ F1 BEBÉS Y ADULTOS - FORMATO AHORRO 200 ML NUEVO;200 ML;RHINOMER;11.83;0.21;14.7
221013.4;RHINOMER PLUS+ F2 ADULTOS - FORMATO AHORRO 200 ML NUEVO;200 ML;RHINOMER;11.83;0.21;14.7
221014.1;RHINOMER PLUS+ F3 USUARIOS FRECUENTES - FORMATO AHORRO 200 ML NUEVO;200 ML;RHINOMER;12.72;0.21;15.75
162191;RHINOMER INTENSE EUCALYPTUS 20 ML;20 ML;RHINOMER;6.13;0.21;9.25
211239.1;RHINOMER ALERGIA SPRAY 100ML;100 ML;RHINOMER;8.69;0.21;11.55
184757;RHINOMER ALOE VERA SPRAY 100ML ;100 ML;RHINOMER;8.69;0.21;11.55
799908;RHINOVIN ADULTOS SOLUCIÓN PARA PULVERIZACION NASAL 10ML NUEVO PULVERIZADOR;10ML;RHINOVIN;5.37;0.04;8.38
764794;RHINOVIN DUO SOLUCION PARA PULVERIZACION NASAL 10ML NUEVO PULVERIZADOR;10ML;RHINOVIN;5.7;0.04;8.9
799890;RHINOVIN INFANTIL GOTAS NASALES EN SOLUCION 10ML;10ML;RHINOVIN;4.1;0.04;6.4
706809.9;RHINOVIN ALERGIA SPRAY NASAL 60 PULVERIZACIONES NUEVO;60 PULSAC.;RHINOVIN;10.44;0.04;16.3
710830;TERMALGIN RESFRIADO 10 SOBRES;10 SOBRES;TERMALGIN;7.53;0.04;11.75
716166;TERMALGIN GRIPE 650MG. POLVO SOLUCIÓN ORAL;10 SOBRES;TERMALGIN;8.26;0.04;12.89
947663.2;TERMALGIN 500MG Optizorb x24 ;500 MG;TERMALGIN;3.36;0.04;5.25
851162;TERMALGIN 650MG 20 COMPRIMIDOS;650 MG;TERMALGIN;3.43;0.04;5.35
198905;TERMATUSS PASTILLAS;16 TABS;TERMALGIN;4.9;0.1;7.25
197767;TERMATUSS JARABE 128GR ;128GR;TERMALGIN;7.08;0.1;10.7
881581;FENISTIL ROLL-ON 8ML;8 ML;FENISTIL;6.92;0.04;10.8
857227;FENISTIL GEL 30GR;30 GR;FENISTIL;6.82;0.04;10.65
703220;FENISTIL GEL 50GR;50 GR;FENISTIL;9.41;0.04;14.69
665331;ZOVICREM 2 GR TUBO;2 GR;ZOVIRAX;3.39;0.04;5.29
659885;ZOVICREM 2 GR  PUMP ;2 GR;ZOVIRAX;5.54;0.04;8.65
671705;ZOVIDUO CREMA 2%+1%;2 GR;ZOVIRAX;7.36;0.04;11.49
969659;ZOVIRAX CREMA 2 GR TUBO;2 GR;ZOVIRAX;3.27;0.04;5.1
706363;ZOVIRAX CREMA 10 GR.;10 GR;ZOVIRAX;7.75;0.04;12.1
211295.7;ENO ACTIVE NORMAL FRASCO 200ML ;200 GR;ENO;8.07;0.1;11.29
211297.1;ENO ACTIVE LIMON FRASCO 200ML;200 GR;ENO;8.07;0.1;11.29
211299.5;ENO ACTIVE NARANJA FRASCO 200ML;200 GR;ENO;8.07;0.1;11.29
211296.4;ENO ACTIVE NORMAL SOBRES 10 X 5GR ;10 X 5GR;ENO;3.96;0.1;5.69
211298.8;ENO ACTIVE LIMON SOBRES 10 X 5GR ;10 X 5GR;ENO;3.96;0.1;5.69
211301.5;ENO ACTIVE NARANJA SOBRES 10 X 5GR;10 X 5GR;ENO;3.96;0.1;5.69
662347;ALLI 60 MG 84 CAPSULAS;84 CAPS;ALLI;52.37;0.04;81.75
165999;IMEDEEN PRIME RENEWAL 120 TABS ES;120 TABS;IMEDEEN;47.52;0.1;63.63
165998;IMEDEEN TIME PERFECTION 60 TAB;60 TABS;IMEDEEN;36.79;0.1;42.68
157294;MULTICENTRUM EFFERVESCENTE x20;20 COMP;MULTICENTRUM;13.1;0.1;14.95
386003;MULTICENTRUM ADULTOS 30 COMPRIMIDOS;30 COMP;MULTICENTRUM;11.91;0.1;13.65
173191;MULTICENTRUM ADULTOS 90 COMPRIMIDOS;90 COMP;MULTICENTRUM;27.48;0.1;31.39
208564;MULTICENTRUM ENERGÍA Y VITALIDAD 15 FRASCOS;15 FRASCOS;MULTICENTRUM;13.98;0.1;15.95
208565.7;MULTICENTRUM ENERGÍA Y VITALIDAD 30 FRASCOS;30 FRASCOS;MULTICENTRUM;24.29;0.1;27.69
214508.5;MULTICENTRUM ENERGÍA DOBLE 20 COMPRIMIDOS;20 COMP;MULTICENTRUM;17.01;0.1;18.2
219663.6;MULTICENTRUM ENERGÍA MENTAL 20 SOBRES;20 SOBRES;MULTICENTRUM;16.97;0.1;19.95
166001;MULTICENTRUM MUJER 30 COMPRIMIDOS;30 COMP;MULTICENTRUM;12.66;0.1;14.75
173190;MULTICENTRUM MUJER 90 COMPRIMIDOS;90 COMP;MULTICENTRUM;29.15;0.1;33.29
201951.5;MULTICENTRUM MUJER PACK PROMO 90 + 30 COMPRIMIDOS;1 UD 90 COMP Y 1 UD 30 COMP;MULTICENTRUM;29.15;0.1;33.29
166000;MULTICENTRUM HOMBRE 30 COMPRIMIDOS;30 COMP;MULTICENTRUM;12.66;0.1;14.75
211838.6;MULTICENTRUM HOMBRE 90 COMPRIMIDOS;90 COMP;MULTICENTRUM;29.15;0.1;33.29
214848.2;MULTICENTRUM HOMBRE PACK PROMO 90 + 30 COMPRIMIDOS;1 UD 90 COMP Y 1 UD 30 COMP;MULTICENTRUM;29.15;0.1;33.29
169130;MULTICENTRUM MUJER 50+30 COMPRIMIDOS;30 COMP;MULTICENTRUM;13.77;0.1;15.75
173189;MULTICENTRUM MUJER 50+90 COMPRIMIDOS;90 COMP;MULTICENTRUM;31.28;0.1;35.69
219841.8;MULTICENTRUM MUJER 50+ PACK PROMO 90 + 30 COMPRIMIDOS;1 UD 90 COMP Y 1 UD 30 COMP;MULTICENTRUM;31.28;0.1;35.69
169129;MULTICENTRUM HOMBRE 50+ 30 COMPRIMIDOS;30 COMP;MULTICENTRUM;13.77;0.1;15.75
196079;MULTICENTRUM HOMBRE 50+ 90 COMPRIMIDOS;90 COMP;MULTICENTRUM;31.23;0.1;35.69
220252.8;MULTICENTRUM HOMBRE 50+ PACK PROMO 90 + 30 COMPRIMIDOS;1 UD 90 COMP Y 1 UD 30 COMP;MULTICENTRUM;31.23;0.1;35.69
327429;MULTICENTRUM JUNIOR 30 COMPRIMIDOS ;30 COMP;MULTICENTRUM;13.93;0.1;15.95
187303;MULTICENTRUM PLUS 30 COMPRIMIDOS;30 COMP;MULTICENTRUM;14.16;0.1;16.19
264237;MULTICENTRUM ADULTOS 50+30 COMPRIMIDOS;30 COMP;MULTICENTRUM;12.9;0.1;14.75
173192;MULTICENTRUM ADULTOS 50+90 COMPRIMIDOS;90 COMP;MULTICENTRUM;30.08;0.1;34.39
207800;MULTICENTRUM VITAGOMIS JUNIOR x30;30 GOMINOLAS;MULTICENTRUM;10.46;0.1;12.99
207797.3;MULTICENTRUM VITAGOMIS ENERGIA x30;30 GOMINOLAS;MULTICENTRUM;10.46;0.1;12.99
